{"_timestamp":1.7757842828536172e+09,"best_epoch":18,"flickr/t2i_r10":30.802631378173828,"flickr/i2t_r5":21.31328135728836,"flickr/t2i_r5":22.326400876045227,"params_trainable":886784,"_step":8760,"model_name":"shared_anchor","txt_input":"cls","params_total":886784,"val/loss":2.6035510698954263,"flickr/t2i_r1":8.847497403621674,"_runtime":135.493996177,"_wandb":{"runtime":135},"flickr/mean_recall":20.225173234939575,"train/lr":0,"train/loss":0.8514946754936759,"img_input":"cls","flickr/i2t_r1":8.233961462974548,"flickr/i2t_r10":29.827266931533813,"best_mean_recall":20.24037962158521,"epoch":20}