{"_runtime":112.578888478,"best_epoch":19,"flickr/i2t_r5":3.6119937896728516,"model_name":"bridge_anchors","flickr/t2i_r1":1.025705598294735,"epoch":20,"flickr/i2t_r10":6.129062548279762,"txt_input":"cls","img_input":"cls","flickr/t2i_r10":6.468866765499115,"best_mean_recall":3.6969448750217757,"flickr/i2t_r1":0.9879495017230511,"_timestamp":1.77604314774836e+09,"val/loss":4.594776471455892,"train/lr":1e-06,"params_trainable":196608,"_step":8760,"params_total":196608,"_wandb":{"runtime":112},"train/loss":2.60732032937002,"flickr/mean_recall":3.6932741136600575,"flickr/t2i_r5":3.9360664784908295}