{"txt_input":"tokens","_runtime":3125.169752061,"best_epoch":12,"flickr/i2t_r10":54.0666401386261,"flickr/t2i_r1":25.818833708763123,"train/loss":1.0815636565752118,"best_mean_recall":41.98156222701073,"_timestamp":1.7757416795819302e+09,"epoch":20,"params_trainable":2372096,"model_name":"bridge_anchors","flickr/mean_recall":41.714648405710854,"flickr/t2i_r10":56.65607452392578,"_wandb":{"runtime":3125},"img_input":"tokens","flickr/i2t_r5":44.16826665401459,"params_total":2372096,"flickr/i2t_r1":22.490009665489197,"train/diversity_loss":0.3619192796889867,"train/lr":8.201688056892869e-06,"flickr/t2i_r5":47.08806574344635,"_step":2180}