{"flickr/i2t_r1":0.5380234681069851,"params_total":393216,"flickr/mean_recall":2.233374227459232,"_timestamp":1.7756308877577121e+09,"flickr/t2i_r10":4.279017075896263,"flickr/i2t_r5":2.0105088129639626,"_runtime":133.509252012,"train/lr":6.163166542495705e-05,"txt_input":"tokens","img_input":"tokens","_wandb":{"runtime":133},"flickr/t2i_r5":2.5233615189790726,"_step":219,"flickr/t2i_r1":0.704779289662838,"params_trainable":393216,"flickr/i2t_r10":3.3445551991462708,"best_epoch":1,"model_name":"bridge_anchors","epoch":1,"train/loss":5.233942547186608,"best_mean_recall":2.233374227459232}