{"img_input":"tokens","flickr/i2t_r10":51.901960372924805,"best_epoch":20,"_wandb":{"runtime":4515},"_runtime":4515.096723492,"model_name":"bridge_anchors","best_mean_recall":39.28253004948298,"train/loss":1.2652946053264298,"flickr/i2t_r5":41.383758187294006,"_step":2180,"flickr/t2i_r1":23.5566183924675,"txt_input":"tokens","train/lr":8.201688056892869e-06,"_timestamp":1.7752791377580624e+09,"flickr/i2t_r1":21.155963838100433,"flickr/t2i_r10":53.6041259765625,"flickr/mean_recall":39.28253004948298,"params_trainable":393216,"epoch":20,"flickr/t2i_r5":44.092753529548645,"params_total":393216}