{"flickr/i2t_r1":8.661863207817078,"train/loss":0.8765152724094043,"_timestamp":1.7757852212887244e+09,"params_trainable":198208,"flickr/mean_recall":21.465353419383366,"val/loss":2.6263527870178223,"params_total":198208,"train/lr":0,"img_input":"cls","flickr/t2i_r10":32.4922114610672,"model_name":"shared_anchor","epoch":20,"best_mean_recall":21.465353419383366,"_runtime":152.632092997,"_step":8760,"_wandb":{"runtime":152},"flickr/i2t_r5":22.76688814163208,"flickr/t2i_r1":9.690715372562408,"txt_input":"cls","flickr/i2t_r10":31.227385997772217,"best_epoch":20,"flickr/t2i_r5":23.95305633544922}