{"flickr/i2t_r5":44.221752882003784,"_runtime":3315.469525139,"params_trainable":2372096,"txt_input":"tokens","img_input":"tokens","_step":2180,"flickr/t2i_r10":57.00846314430237,"flickr/t2i_r5":47.3114550113678,"train/lr":8.201688056892869e-06,"flickr/mean_recall":41.891891260941826,"train/loss":1.0402511848467533,"_timestamp":1.7757418699528399e+09,"flickr/i2t_r1":22.647327184677124,"best_epoch":15,"model_name":"bridge_anchors","params_total":2372096,"best_mean_recall":42.27417235573133,"_wandb":{"runtime":3315},"flickr/i2t_r10":54.29632067680359,"epoch":20,"flickr/t2i_r1":25.866028666496277}