{"flickr/i2t_r5":33.307114243507385,"flickr/t2i_r10":44.816410541534424,"params_total":98304,"_step":2180,"train/loss":1.4251697442241917,"_runtime":4581.858747381,"train/lr":8.201688056892869e-06,"txt_input":"tokens","flickr/t2i_r5":35.47493815422058,"epoch":20,"flickr/i2t_r1":15.407608449459076,"_wandb":{"runtime":4581},"_timestamp":1.7752675661523259e+09,"model_name":"bridge_anchors","img_input":"tokens","flickr/t2i_r1":16.97762906551361,"best_epoch":17,"flickr/mean_recall":31.502689669529598,"flickr/i2t_r10":43.032437562942505,"params_trainable":98304,"best_mean_recall":31.608616560697556}