{"params_total":1192200,"train/recon_loss_expert_1":0,"train/attn_entropy_expert_0":0.2731481258557222,"flickr/t2i_r1":18.415504693984985,"train/recon_loss_expert_2":0,"img_input":"tokens","txt_input":"tokens","train/lb_route_loss":1.0189134506421669,"train/recon_loss_expert_0":0,"model_name":"hard_route","_runtime":18715.247990978,"train/attn_entropy_expert_3":0.188005021381601,"params_trainable":1192200,"flickr/mean_recall":33.007163306077324,"best_epoch":66,"train/infonce_expert_2":3.22886007077226,"train/loss":1.3737105877599984,"flickr/i2t_r5":34.66947674751282,"train/infonce_expert_1":2.68502002341725,"train/attn_entropy_expert_2":0.2199394148643886,"train/recon_loss_expert_3":0,"train/infonce_expert_0":2.4951041948015447,"_wandb":{"runtime":18715},"flickr/t2i_r10":46.82062864303589,"flickr/t2i_r5":37.17081546783447,"flickr/i2t_r10":44.58358287811279,"train/attn_entropy_expert_1":0.3189074374804987,"epoch":106,"_step":11554,"flickr/i2t_r1":16.38297140598297,"_timestamp":1.775910022377855e+09,"best_mean_recall":33.26463848352432,"train/lr":1e-06,"train/infonce_expert_3":3.6526201016435}