{"flickr/t2i_r1":3.97067628800869,"train/infonce_expert_2":4.084915468625933,"_step":8829,"_runtime":13569.000040992,"train/attn_entropy_expert_1":0.3966248935071107,"_timestamp":1.7758710771155696e+09,"train/infonce_expert_0":4.645961380450525,"best_mean_recall":37.62178967396418,"img_input":"tokens","params_total":1192200,"train/infonce_expert_1":5.294607612574212,"train/loss":3.1289538356745354,"train/recon_loss_expert_3":0,"train/attn_entropy_expert_0":0.5377805723208133,"_wandb":{"runtime":13569},"model_name":"hard_route","train/recon_loss_expert_1":0,"txt_input":"tokens","flickr/i2t_r5":8.806594461202621,"flickr/mean_recall":9.19831364105145,"train/recon_loss_expert_0":0,"flickr/t2i_r5":10.68810373544693,"flickr/t2i_r10":15.602681040763855,"train/attn_entropy_expert_2":0.7052432220672893,"flickr/i2t_r1":3.0267752707004547,"train/lb_route_loss":2.1296905602250145,"params_trainable":1192200,"train/lr":0.00796871684551183,"epoch":81,"train/attn_entropy_expert_3":0.36035131126920755,"train/infonce_expert_3":4.579216504765448,"train/recon_loss_expert_2":0,"best_epoch":41,"flickr/i2t_r10":13.095051050186157}