{"best_mean_recall":38.85620211561521,"flickr/t2i_r5":43.71834099292755,"txt_input":"tokens","flickr/mean_recall":38.85620211561521,"_runtime":2630.575543061,"params_trainable":329664,"train/loss":1.1373347990980773,"_timestamp":1.775654574934259e+09,"img_input":"tokens","params_total":329664,"epoch":20,"model_name":"bridge_anchors","flickr/t2i_r10":53.29578518867493,"flickr/i2t_r5":41.23273491859436,"_wandb":{"runtime":2630},"_step":2180,"flickr/i2t_r10":51.404839754104614,"flickr/t2i_r1":22.974546253681183,"best_epoch":20,"train/lr":8.201688056892869e-06,"flickr/i2t_r1":20.510965585708618}