{"flickr/t2i_r1":0.015731679741293192,"flickr/t2i_r5":0.10382909094914794,"img_input":"tokens","flickr/mean_recall":0.08337790762501147,"_step":27,"model_name":"bridge_anchors","best_mean_recall":0.08337790762501147,"_timestamp":1.7756332287294474e+09,"_wandb":{"runtime":104},"flickr/t2i_r10":0.18563383491709828,"flickr/i2t_r1":0.012585344666149467,"_runtime":104.763549998,"params_trainable":393216,"txt_input":"tokens","train/loss":8.259667237599691,"best_epoch":1,"params_total":393216,"epoch":1,"flickr/i2t_r10":0.11641443707048893,"train/lr":0.00010631052050897046,"flickr/i2t_r5":0.06607305840589106}