{"_runtime":3197.397136024,"flickr/i2t_r1":21.816694736480713,"params_trainable":786432,"train/loss":1.14572417234706,"flickr/i2t_r10":53.292638063430786,"params_total":786432,"img_input":"tokens","epoch":20,"_timestamp":1.775539580458072e+09,"flickr/mean_recall":40.42884483933449,"best_epoch":20,"best_mean_recall":40.42884483933449,"model_name":"bridge_anchors","flickr/i2t_r5":43.133121728897095,"flickr/t2i_r1":24.377812445163727,"txt_input":"tokens","flickr/t2i_r10":54.86266016960144,"train/lr":8.201688056892869e-06,"_wandb":{"runtime":3197},"_step":2180,"flickr/t2i_r5":45.09014189243317}