{"train/lr":8.201688056892869e-06,"train/loss":1.1028437302491376,"flickr/i2t_r10":52.927666902542114,"flickr/t2i_r10":55.2496612071991,"_timestamp":1.7757207039850514e+09,"params_total":593032,"_wandb":{"runtime":2559},"params_trainable":593032,"flickr/t2i_r5":45.6092894077301,"img_input":"tokens","best_epoch":16,"txt_input":"tokens","epoch":20,"_runtime":2559.112412374,"_step":2180,"flickr/t2i_r1":24.48164075613022,"best_mean_recall":40.6705896059672,"flickr/mean_recall":40.47446772456169,"flickr/i2t_r1":21.766352653503418,"flickr/i2t_r5":42.8121954202652,"model_name":"bridge_anchors"}