{"img_input":"tokens","_step":2180,"train/lr":8.201688056892869e-06,"best_mean_recall":36.8525097767512,"txt_input":"tokens","flickr/t2i_r5":41.11946523189545,"_runtime":2392.528949874,"flickr/t2i_r10":50.8196234703064,"model_name":"bridge_anchors","_timestamp":1.7752705076930296e+09,"flickr/i2t_r1":19.148601591587067,"flickr/mean_recall":36.7518275976181,"train/loss":1.2364485776312997,"_wandb":{"runtime":2392},"best_epoch":17,"params_total":196608,"flickr/i2t_r5":39.02086019515991,"epoch":20,"params_trainable":196608,"flickr/i2t_r10":49.25903677940369,"flickr/t2i_r1":21.14337831735611}