{"params_trainable":196608,"flickr/i2t_r10":32.42928683757782,"flickr/t2i_r1":10.294811427593231,"img_input":"tokens","train/loss":3.0277672036785948,"flickr/i2t_r5":23.506276309490204,"flickr/mean_recall":22.45277874171734,"_wandb":{"runtime":227},"best_mean_recall":22.45277874171734,"best_epoch":1,"_timestamp":1.7752053492376132e+09,"model_name":"bridge_anchors","train/lr":0.003963302752293578,"flickr/t2i_r5":25.05112886428833,"txt_input":"tokens","_runtime":227.931520425,"epoch":1,"_step":109,"params_total":196608,"flickr/i2t_r1":9.454739838838577,"flickr/t2i_r10":33.98042917251587}