{"_step":540,"best_epoch":20,"_timestamp":1.7756362979573596e+09,"epoch":20,"flickr/t2i_r5":39.58090841770172,"best_mean_recall":35.25364721814791,"_runtime":2852.310862794,"train/loss":2.6133600970109305,"txt_input":"tokens","model_name":"bridge_anchors","_wandb":{"runtime":2852},"flickr/t2i_r10":49.318817257881165,"train/lr":4.2708717670388095e-05,"img_input":"tokens","flickr/i2t_r1":17.842872440814972,"flickr/mean_recall":35.25364721814791,"flickr/i2t_r5":37.32498586177826,"params_trainable":393216,"flickr/i2t_r10":47.36179709434509,"params_total":393216,"flickr/t2i_r1":20.092502236366272}