{"flickr/i2t_r1":20.208916068077087,"flickr/i2t_r10":50.807034969329834,"_step":2180,"img_input":"tokens","params_trainable":296768,"flickr/t2i_r5":43.136268854141235,"params_total":296768,"flickr/t2i_r10":52.68539786338806,"flickr/i2t_r5":40.650662779808044,"model_name":"bridge_anchors","flickr/mean_recall":38.37061747908592,"_wandb":{"runtime":2600},"train/lr":8.201688056892869e-06,"_runtime":2600.953640426,"train/loss":1.2049350114626305,"flickr/t2i_r1":22.73542433977127,"_timestamp":1.7756541801112444e+09,"best_mean_recall":38.40470314025879,"best_epoch":16,"txt_input":"tokens","epoch":20}