{"flickr/t2i_r5":45.16250789165497,"flickr/i2t_r10":52.137935161590576,"txt_input":"tokens","params_trainable":1018560,"train/loss":0.7750344683076734,"_step":2180,"_wandb":{"runtime":2576},"img_input":"tokens","flickr/t2i_r1":24.462762475013733,"flickr/t2i_r10":54.90041971206665,"_runtime":2576.841215344,"flickr/i2t_r1":21.28181755542755,"params_total":1018560,"train/lr":8.201688056892869e-06,"best_mean_recall":41.92492812871933,"flickr/mean_recall":40.03135859966278,"best_epoch":12,"flickr/i2t_r5":42.242708802223206,"model_name":"bridge_anchors","epoch":20,"_timestamp":1.7756597997155576e+09}