{"epoch":20,"img_input":"tokens","_timestamp":1.7756288240014591e+09,"flickr/i2t_r1":21.53667062520981,"flickr/t2i_r10":55.7184636592865,"flickr/mean_recall":40.675307561953865,"flickr/i2t_r10":52.91507840156555,"txt_input":"tokens","best_mean_recall":41.90972174207369,"_runtime":3283.408910873,"_step":2180,"model_name":"bridge_anchors","flickr/t2i_r5":46.09696865081787,"train/loss":0.9952970303107644,"_wandb":{"runtime":3283},"best_epoch":12,"flickr/t2i_r1":25.060567259788513,"params_total":886336,"params_trainable":886336,"flickr/i2t_r5":42.72409677505493,"train/lr":8.201688056892869e-06}