{"flickr/i2t_r10":54.53229546546936,"flickr/t2i_r5":46.244847774505615,"best_mean_recall":41.87668586770693,"best_epoch":42,"_step":5450,"params_total":786432,"_runtime":28343.377556542,"train/loss":1.1329602771830336,"flickr/i2t_r1":22.921058535575867,"_wandb":{"runtime":28343},"flickr/t2i_r1":25.453859567642212,"flickr/mean_recall":41.53792907794317,"model_name":"bridge_anchors","txt_input":"tokens","train/lr":7.208813325411374e-06,"_timestamp":1.7755915696946392e+09,"params_trainable":786432,"epoch":50,"img_input":"tokens","flickr/i2t_r5":44.27838921546936,"flickr/t2i_r10":55.79712390899658}