{"_runtime":3864.728364839,"img_input":"tokens","best_epoch":15,"train/loss":1.0436694031563876,"_wandb":{"runtime":3864},"flickr/i2t_r1":22.581253945827484,"model_name":"bridge_anchors","train/lr":8.201688056892869e-06,"txt_input":"tokens","epoch":20,"_step":2180,"flickr/i2t_r10":54.27429676055908,"flickr/t2i_r10":56.75990581512451,"flickr/i2t_r5":44.221752882003784,"_timestamp":1.7757925566766498e+09,"best_mean_recall":42.309305568536125,"params_trainable":1978624,"params_total":1978624,"flickr/mean_recall":41.87720939517021,"flickr/t2i_r1":26.193249225616455,"flickr/t2i_r5":47.232797741889954}