{"_timestamp":1.7756492943034472e+09,"_step":2180,"_wandb":{"runtime":2887},"_runtime":2887.688419249,"flickr/t2i_r10":43.8693642616272,"best_mean_recall":30.809447666009266,"best_epoch":15,"txt_input":"tokens","train/loss":1.1997313421463298,"params_trainable":212992,"model_name":"bridge_anchors","img_input":"tokens","params_total":212992,"flickr/t2i_r1":16.07777774333954,"flickr/mean_recall":30.610704173644383,"flickr/t2i_r5":34.332820773124695,"train/lr":8.201688056892869e-06,"flickr/i2t_r5":32.46704339981079,"epoch":20,"flickr/i2t_r1":14.608438313007355,"flickr/i2t_r10":42.308780550956726}