{"flickr/t2i_r1":21.489475667476654,"train/lr":8.201688056892869e-06,"_step":2180,"flickr/t2i_r5":41.45297706127167,"flickr/t2i_r10":51.18459463119507,"train/loss":1.2816624151212033,"model_name":"bridge_anchors","_wandb":{"runtime":2200},"_timestamp":1.7753027971345615e+09,"best_mean_recall":37.095826864242554,"flickr/i2t_r10":49.43837821483612,"best_epoch":17,"flickr/i2t_r1":19.378283619880676,"params_total":196608,"epoch":20,"params_trainable":196608,"img_input":"tokens","flickr/mean_recall":37.06803396344185,"_runtime":2200.716868319,"flickr/i2t_r5":39.464494585990906,"txt_input":"tokens"}