{"model_name":"bridge_anchors","flickr/i2t_r10":53.77402901649475,"best_epoch":19,"_timestamp":1.7755714087328856e+09,"flickr/t2i_r1":26.828807592391968,"flickr/mean_recall":42.417854319016136,"_runtime":14907.013549382,"best_mean_recall":42.5772691766421,"flickr/t2i_r5":48.396942019462585,"flickr/i2t_r1":23.49683791399002,"img_input":"tokens","txt_input":"tokens","_step":2180,"train/loss":1.0780508861703388,"params_total":1310720,"params_trainable":1310720,"flickr/t2i_r10":58.128559589385986,"_wandb":{"runtime":14907},"flickr/i2t_r5":43.88194978237152,"train/lr":0.00016499403369355049,"epoch":20}