{"flickr/i2t_r1":21.77264541387558,"flickr/mean_recall":40.272052586078644,"flickr/t2i_r10":54.55746650695801,"flickr/i2t_r10":53.24859023094177,"train/loss":1.208741234841748,"flickr/t2i_r5":44.9265331029892,"train/lr":8.201688056892869e-06,"txt_input":"tokens","_runtime":4582.128339615,"params_trainable":393216,"params_total":393216,"flickr/i2t_r5":42.74926781654358,"epoch":20,"_wandb":{"runtime":4582},"model_name":"bridge_anchors","best_mean_recall":40.28988182544708,"_step":2180,"best_epoch":17,"_timestamp":1.7752675665694926e+09,"flickr/t2i_r1":24.377812445163727,"img_input":"tokens"}