{"txt_input":"tokens","flickr/t2i_r5":9.092911332845688,"params_trainable":393216,"flickr/i2t_r1":2.822263538837433,"train/lr":0.0001621077968544698,"best_epoch":1,"train/loss":4.293763117939902,"flickr/t2i_r1":3.193531185388565,"params_total":393216,"flickr/i2t_r10":12.966051697731018,"img_input":"tokens","best_mean_recall":8.34618111451467,"model_name":"bridge_anchors","_step":219,"_runtime":123.076975173,"epoch":1,"flickr/mean_recall":8.34618111451467,"_timestamp":1.7756324495927327e+09,"flickr/t2i_r10":13.595318794250488,"_wandb":{"runtime":123},"flickr/i2t_r5":8.40701013803482}