{"train/loss":0.8195612068589964,"model_name":"shared_anchor","params_total":526400,"flickr/t2i_r1":10.297957807779312,"flickr/i2t_r10":32.59289562702179,"params_trainable":526400,"train/lr":0,"flickr/t2i_r10":33.904919028282166,"_timestamp":1.7757853517091653e+09,"flickr/t2i_r5":25.107762217521667,"flickr/mean_recall":22.487913072109222,"best_epoch":20,"epoch":20,"_runtime":121.852365356,"_wandb":{"runtime":121},"img_input":"cls","best_mean_recall":22.487913072109222,"flickr/i2t_r5":23.66359382867813,"_step":8760,"val/loss":2.5832560062408447,"txt_input":"cls","flickr/i2t_r1":9.360349923372269}