{"model_name":"bridge_anchors","flickr/t2i_r1":21.44542634487152,"train/lr":8.201688056892869e-06,"img_input":"tokens","flickr/t2i_r10":50.652867555618286,"best_epoch":17,"best_mean_recall":36.87401016553243,"_runtime":2452.082462001,"flickr/i2t_r5":39.24424946308136,"params_trainable":196608,"flickr/t2i_r5":41.35858714580536,"_step":2180,"_timestamp":1.7754714452972734e+09,"flickr/mean_recall":36.86090037226677,"_wandb":{"runtime":2452},"flickr/i2t_r1":19.23040598630905,"flickr/i2t_r10":49.23386573791504,"epoch":20,"train/loss":1.2786231598007345,"txt_input":"tokens","params_total":196608}