{"flickr/i2t_r10":54.72736954689026,"model_name":"bridge_anchors","flickr/i2t_r1":22.911620140075684,"best_mean_recall":41.695769876241684,"_runtime":3025.132155969,"_step":2180,"flickr/t2i_r1":25.670957565307617,"_timestamp":1.7755225431492603e+09,"txt_input":"tokens","flickr/i2t_r5":44.4828987121582,"params_trainable":786432,"params_total":786432,"train/lr":8.201688056892869e-06,"best_epoch":18,"img_input":"tokens","epoch":20,"flickr/t2i_r5":46.35497033596039,"flickr/t2i_r10":55.89780807495117,"train/loss":1.154257513652338,"flickr/mean_recall":41.674270729223885,"_wandb":{"runtime":3025}}