{"_step":109,"model_name":"bridge_anchors","train/lr":0.003963302752293578,"txt_input":"tokens","params_trainable":196608,"flickr/t2i_r1":10.902054607868195,"best_mean_recall":22.49315654238065,"_timestamp":1.7752050597129536e+09,"params_total":196608,"flickr/t2i_r10":33.898624777793884,"flickr/i2t_r5":23.352105915546417,"img_input":"tokens","best_epoch":1,"_wandb":{"runtime":234},"flickr/mean_recall":22.49315654238065,"train/loss":3.148108818820704,"flickr/i2t_r1":9.29742306470871,"flickr/t2i_r5":25.37519931793213,"flickr/i2t_r10":32.13353157043457,"epoch":1,"_runtime":234.278579617}