{"train/lb_loss":1.0001118144142294,"_wandb":{"runtime":2956},"flickr/i2t_r5":38.895007967948914,"flickr/t2i_r10":50.92974305152893,"flickr/t2i_r5":41.29251539707184,"train/loss":1.3869492160939725,"_runtime":2956.621663527,"train/lr":8.201688056892869e-06,"flickr/mean_recall":36.8860716621081,"img_input":"tokens","epoch":20,"params_trainable":196608,"best_epoch":20,"flickr/i2t_r10":49.2495983839035,"txt_input":"tokens","model_name":"bridge_anchors","train/ortho_loss":0.006500840996540039,"_step":2180,"best_mean_recall":36.8860716621081,"_timestamp":1.7753002648098018e+09,"flickr/t2i_r1":21.520939469337463,"params_total":196608,"flickr/i2t_r1":19.42862570285797}