{"best_mean_recall":35.82575594385465,"model_name":"bridge_anchors","img_input":"tokens","params_trainable":196608,"flickr/i2t_r10":47.830602526664734,"best_epoch":16,"params_total":196608,"flickr/i2t_r5":37.91020214557648,"train/loss":1.2213222523716007,"flickr/t2i_r5":39.923858642578125,"flickr/t2i_r1":20.259258151054382,"flickr/mean_recall":35.58873161673546,"epoch":20,"train/lr":8.201688056892869e-06,"_wandb":{"runtime":4582},"flickr/i2t_r1":18.207846581935883,"_timestamp":1.7752675662190254e+09,"flickr/t2i_r10":49.40062165260315,"_step":2180,"txt_input":"tokens","_runtime":4582.016231079}