{"train/lr":0.003963302752293578,"model_name":"bridge_anchors","params_total":196608,"flickr/t2i_r1":10.395494103431702,"_runtime":1624.445838222,"_step":109,"img_input":"tokens","flickr/t2i_r10":33.39835703372955,"flickr/mean_recall":21.728597084681194,"params_trainable":196608,"flickr/i2t_r5":22.30437695980072,"flickr/i2t_r10":30.752289295196533,"flickr/t2i_r5":24.396690726280212,"train/ca_loss":3.356532665056603,"flickr/i2t_r1":9.124374389648438,"txt_input":"tokens","_wandb":{"runtime":1624},"train/loss":5.168282020871884,"epoch":1,"_timestamp":1.775141351401274e+09}