{"txt_input":"cls","flickr/t2i_r10":31.23367726802826,"model_name":"shared_anchor","val/loss":2.597553332646688,"train/lr":0,"params_total":558080,"_runtime":147.252818063,"flickr/i2t_r10":30.097851157188416,"flickr/mean_recall":20.513586699962616,"_wandb":{"runtime":147},"train/loss":0.8450903855774501,"img_input":"cls","_timestamp":1.7757839724518123e+09,"flickr/t2i_r5":22.785766422748566,"best_epoch":20,"flickr/t2i_r1":9.017398953437805,"_step":8760,"flickr/i2t_r1":8.43532681465149,"params_trainable":558080,"flickr/i2t_r5":21.51149958372116,"epoch":20,"best_mean_recall":20.513586699962616}