{"_timestamp":1.7753119303108747e+09,"_step":2180,"flickr/i2t_r10":53.24230194091797,"epoch":20,"flickr/i2t_r5":42.698925733566284,"_wandb":{"runtime":6431},"best_mean_recall":40.33865059415499,"best_epoch":20,"params_trainable":393216,"flickr/t2i_r5":45.052385330200195,"txt_input":"tokens","img_input":"tokens","flickr/i2t_r1":21.951986849308014,"train/loss":1.2063344104267726,"flickr/t2i_r10":54.79658842086792,"model_name":"bridge_anchors","train/lr":8.201688056892869e-06,"flickr/mean_recall":40.33865059415499,"params_total":393216,"flickr/t2i_r1":24.28971529006958,"_runtime":6431.36598693}