{"_step":2180,"flickr/t2i_r5":44.87304389476776,"params_trainable":786944,"params_total":786944,"train/lr":8.201688056892869e-06,"tau/std":0.35736793279647827,"flickr/t2i_r10":54.419028759002686,"flickr/i2t_r10":52.90879011154175,"img_input":"tokens","txt_input":"tokens","flickr/mean_recall":40.153541415929794,"_wandb":{"runtime":3060},"_runtime":3060.27869137,"best_mean_recall":40.153541415929794,"epoch":20,"flickr/t2i_r1":24.343203008174896,"_timestamp":1.7754608409392312e+09,"train/loss":1.228096390438971,"tau/mean":0.4306808114051819,"tau/max":0.935352087020874,"flickr/i2t_r1":21.756914258003235,"flickr/i2t_r5":42.62026846408844,"tau/min":0.02030847780406475,"model_name":"bridge_anchors","best_epoch":20}