{"txt_input":"tokens","train/loss":7.161665867950957,"params_trainable":393216,"flickr/t2i_r10":1.0729006491601467,"_step":54,"flickr/i2t_r5":0.27058490086346865,"model_name":"bridge_anchors","train/lr":9.241819678918554e-05,"flickr/i2t_r10":0.5065601319074631,"best_mean_recall":0.4258041619323194,"img_input":"tokens","_timestamp":1.7756329141582677e+09,"flickr/t2i_r1":0.09439008426852524,"epoch":1,"flickr/t2i_r5":0.5317308008670807,"flickr/mean_recall":0.4258041619323194,"params_total":393216,"_wandb":{"runtime":117},"best_epoch":1,"flickr/i2t_r1":0.07865840452723205,"_runtime":117.079618891}