{"model_name":"bridge_anchors","best_epoch":16,"txt_input":"tokens","flickr/i2t_r5":39.860931038856506,"img_input":"tokens","params_trainable":591616,"flickr/t2i_r1":22.53405898809433,"flickr/i2t_r10":49.99213516712189,"params_total":591616,"_runtime":3149.834761539,"_timestamp":1.7756286902197392e+09,"epoch":20,"flickr/t2i_r10":52.50920057296753,"_wandb":{"runtime":3149},"_step":2180,"train/loss":1.1773155782824365,"flickr/i2t_r1":19.847087562084198,"flickr/mean_recall":37.93799579143524,"flickr/t2i_r5":42.884561419487,"train/lr":8.201688056892869e-06,"best_mean_recall":37.94219046831131}