{"best_mean_recall":41.60714894533157,"flickr/i2t_r5":43.94487738609314,"best_epoch":20,"epoch":20,"_timestamp":1.7757448560056016e+09,"_wandb":{"runtime":3143},"train/loss":1.192305910253079,"train/lr":8.201688056892869e-06,"_step":2180,"flickr/i2t_r1":22.326400876045227,"params_trainable":2372096,"flickr/i2t_r10":54.10754084587097,"flickr/t2i_r10":56.45156502723694,"_runtime":3143.89282436,"txt_input":"tokens","flickr/t2i_r1":25.897490978240967,"flickr/mean_recall":41.60714894533157,"img_input":"tokens","flickr/t2i_r5":46.9150185585022,"model_name":"bridge_anchors","params_total":2372096,"train/diversity_loss":0.19746431847599066}