{"train/recon_loss_expert_3":0,"train/infonce_expert_1":4.825991906852366,"model_name":"hard_route","flickr/t2i_r1":1.145266368985176,"txt_input":"tokens","_wandb":{"runtime":5709},"params_total":1192200,"train/lb_route_loss":1.0883655247287216,"flickr/mean_recall":2.8484829468652606,"train/attn_entropy_expert_0":0.22993372088280795,"train/infonce_expert_2":6.04096820421308,"epoch":31,"train/loss":4.099518276820673,"_timestamp":1.7758367418715858e+09,"flickr/i2t_r1":0.7551206741482019,"best_epoch":1,"train/lr":0.00759985982326508,"_step":3379,"_runtime":5709.144964181,"train/attn_entropy_expert_3":0.2038436912209074,"best_mean_recall":6.466245014841358,"flickr/i2t_r10":3.6214329302310944,"flickr/t2i_r5":3.5364817827939987,"train/recon_loss_expert_0":0,"train/recon_loss_expert_1":0,"train/infonce_expert_3":6.4028140139356955,"train/attn_entropy_expert_1":0.26551591625837523,"img_input":"tokens","flickr/i2t_r5":2.3817764595150948,"train/attn_entropy_expert_2":0.30070667149864627,"train/infonce_expert_0":5.502031856608168,"params_trainable":1192200,"train/recon_loss_expert_2":0,"flickr/t2i_r10":5.650819465517998}