{"flickr/t2i_r1":20.555013418197632,"epoch":20,"flickr/i2t_r10":48.727306723594666,"txt_input":"tokens","_runtime":3057.696384061,"flickr/t2i_r5":39.57461416721344,"best_epoch":10,"_timestamp":1.775542831704106e+09,"img_input":"tokens","params_trainable":792576,"model_name":"bridge_anchors","flickr/i2t_r1":19.09196674823761,"_step":2180,"flickr/i2t_r5":38.68420124053955,"best_mean_recall":36.415169636408486,"_wandb":{"runtime":3057},"flickr/mean_recall":35.94793826341629,"flickr/t2i_r10":49.054527282714844,"params_total":792576,"train/loss":0.9793709043030426,"train/lr":8.201688056892869e-06}