{"_timestamp":1.7759073370777264e+09,"params_trainable":1192200,"model_name":"hard_route","train/infonce_expert_3":2.8425258587453968,"txt_input":"tokens","flickr/t2i_r10":51.59991383552551,"train/loss":1.33068444461466,"train/attn_entropy_expert_1":0.4827258528393006,"flickr/t2i_r1":21.791523694992065,"flickr/mean_recall":37.33966847260793,"train/lr":1e-06,"flickr/t2i_r5":41.92178249359131,"train/attn_entropy_expert_3":0.6744948720263544,"best_mean_recall":37.45083833734194,"train/recon_loss_expert_0":0,"train/lb_route_loss":2.088592549350774,"train/recon_loss_expert_2":0,"train/infonce_expert_2":2.3613411132420334,"img_input":"tokens","train/recon_loss_expert_3":0,"_wandb":{"runtime":15799},"train/attn_entropy_expert_2":0.4652620790717758,"epoch":99,"_step":10791,"train/attn_entropy_expert_0":0.3775171949484638,"train/infonce_expert_0":3.0596699514121655,"flickr/i2t_r5":39.58405554294586,"train/infonce_expert_1":2.839634895324707,"train/recon_loss_expert_1":0,"flickr/i2t_r1":19.403454661369324,"_runtime":15799.532915459,"params_total":1192200,"best_epoch":59,"flickr/i2t_r10":49.73728060722351}