{"best_mean_recall":38.0198006828626,"_step":2180,"flickr/t2i_r5":42.670610547065735,"flickr/mean_recall":38.0198006828626,"best_epoch":20,"model_name":"bridge_anchors","_timestamp":1.7757181099661758e+09,"params_trainable":493260,"train/lr":8.201688056892869e-06,"epoch":20,"flickr/t2i_r1":22.47113287448883,"flickr/i2t_r5":40.14410078525543,"flickr/i2t_r1":20.174306631088257,"_runtime":2724.445558574,"img_input":"tokens","flickr/i2t_r10":50.42003393173218,"params_total":493260,"_wandb":{"runtime":2724},"txt_input":"tokens","flickr/t2i_r10":52.238619327545166,"train/loss":1.2069324054450632}