{"train/loss":1.702452580134074,"_step":8760,"val/loss":3.585118055343628,"img_input":"cls","best_mean_recall":11.316322162747383,"params_total":196608,"flickr/i2t_r5":11.465248465538025,"flickr/mean_recall":11.298492612938086,"flickr/i2t_r1":3.766164183616638,"best_epoch":17,"txt_input":"cls","flickr/i2t_r10":17.00909286737442,"_wandb":{"runtime":148},"train/lr":1e-06,"flickr/t2i_r10":18.56338232755661,"flickr/t2i_r1":4.26957793533802,"epoch":20,"_runtime":148.108273515,"params_trainable":196608,"flickr/t2i_r5":12.717489898204803,"model_name":"bridge_anchors","_timestamp":1.7760427785166597e+09}