{"epoch":20,"flickr/i2t_r10":53.79605293273926,"best_epoch":15,"flickr/t2i_r5":45.518043637275696,"_runtime":3281.868436491,"train/lr":8.201688056892869e-06,"model_name":"bridge_anchors","params_trainable":786432,"_wandb":{"runtime":3281},"params_total":786432,"_step":2180,"flickr/mean_recall":40.89397887388865,"txt_input":"tokens","flickr/i2t_r5":43.47292482852936,"best_mean_recall":40.913382172584534,"img_input":"tokens","train/loss":1.132484359161876,"flickr/t2i_r10":55.30944466590881,"_timestamp":1.7755396651532614e+09,"flickr/t2i_r1":24.871787428855896,"flickr/i2t_r1":22.395619750022888}