{"flickr/t2i_r10":51.71632766723633,"flickr/i2t_r5":39.22222554683685,"_timestamp":1.7756287326135898e+09,"flickr/i2t_r10":49.40376877784729,"params_total":985088,"flickr/mean_recall":37.29614367087682,"_runtime":3191.9792684,"img_input":"tokens","epoch":20,"flickr/t2i_r5":42.145171761512756,"flickr/i2t_r1":19.202089309692383,"train/lr":8.201688056892869e-06,"txt_input":"tokens","params_trainable":985088,"_wandb":{"runtime":3191},"_step":2180,"train/loss":1.1650569160407949,"flickr/t2i_r1":22.087278962135315,"best_epoch":16,"best_mean_recall":37.34071652094523,"model_name":"bridge_anchors"}