{"best_mean_recall":22.892216717203457,"_runtime":138.180319533,"_wandb":{"runtime":138},"flickr/mean_recall":22.892216717203457,"train/loss":0.8096580220956237,"train/lr":0,"model_name":"shared_anchor","flickr/i2t_r1":9.668690711259842,"flickr/i2t_r10":33.26621055603027,"img_input":"cls","_step":8760,"best_epoch":20,"params_trainable":1379392,"params_total":1379392,"flickr/t2i_r5":25.696125626564026,"epoch":20,"val/loss":2.5737266540527344,"flickr/i2t_r5":23.92473965883255,"txt_input":"cls","flickr/t2i_r10":34.295064210891724,"_timestamp":1.7757850598746257e+09,"flickr/t2i_r1":10.502469539642334}