{"model_name":"bridge_anchors","_runtime":120.931437777,"flickr/t2i_r1":6.289526075124741,"flickr/t2i_r10":23.320643603801727,"flickr/mean_recall":14.951913803815842,"flickr/i2t_r1":5.849038809537888,"flickr/i2t_r10":22.23201096057892,"flickr/t2i_r5":16.51197224855423,"_timestamp":1.7756311423756433e+09,"train/lr":0.0006698803792874671,"img_input":"tokens","_step":109,"params_total":393216,"best_mean_recall":14.951913803815842,"flickr/i2t_r5":15.508291125297546,"txt_input":"tokens","params_trainable":393216,"best_epoch":1,"epoch":1,"_wandb":{"runtime":120},"train/loss":4.292437094394292}