{"flickr/t2i_r1":25.77163875102997,"model_name":"bridge_anchors","_wandb":{"runtime":3402},"train/diversity_loss":0.4793052829314615,"flickr/mean_recall":41.86409910519918,"best_epoch":15,"_step":2180,"train/lr":8.201688056892869e-06,"params_total":2372096,"params_trainable":2372096,"flickr/i2t_r5":44.19972896575928,"flickr/i2t_r10":54.34351563453674,"flickr/t2i_r10":57.01161026954651,"img_input":"tokens","_runtime":3402.422235134,"train/loss":1.0452804882949758,"txt_input":"tokens","best_mean_recall":42.21229329705238,"flickr/i2t_r1":22.656765580177307,"flickr/t2i_r5":47.201335430145264,"_timestamp":1.775745307664702e+09,"epoch":20}