{"flickr/i2t_r5":42.48812198638916,"flickr/mean_recall":40.02978578209877,"_runtime":4514.974522358,"model_name":"bridge_anchors","train/loss":1.1517784083000968,"best_mean_recall":40.1005782186985,"flickr/i2t_r1":21.631060540676117,"img_input":"tokens","_wandb":{"runtime":4514},"params_trainable":393216,"epoch":20,"train/lr":8.201688056892869e-06,"flickr/t2i_r1":24.012836813926697,"best_epoch":15,"flickr/i2t_r10":52.85530090332031,"txt_input":"tokens","_step":2180,"params_total":393216,"flickr/t2i_r5":44.87933814525604,"flickr/t2i_r10":54.31205630302429,"_timestamp":1.7752791376994994e+09}