{"model_name":"bridge_anchors","txt_input":"tokens","_timestamp":1.7752130390343795e+09,"flickr/t2i_r5":29.934242367744446,"flickr/mean_recall":26.775844891866047,"flickr/t2i_r1":12.912563979625702,"params_total":196608,"train/loss":1.1192505047700116,"params_trainable":196608,"flickr/t2i_r10":39.37639594078064,"train/lr":0.00011029615223839629,"_wandb":{"runtime":5306},"flickr/i2t_r5":28.320172429084778,"epoch":19,"flickr/i2t_r1":12.185759842395782,"_step":2071,"_runtime":5306.555919991,"flickr/i2t_r10":37.92593479156494,"img_input":"tokens"}