{"_runtime":2820.076939562,"train/lr":8.201688056892869e-06,"img_input":"tokens","flickr/i2t_r10":52.04669237136841,"best_mean_recall":41.59875859816869,"_timestamp":1.7756570374686532e+09,"flickr/t2i_r1":23.915301263332367,"flickr/t2i_r5":44.66224014759064,"flickr/i2t_r1":20.976622402668,"flickr/t2i_r10":54.22395467758179,"params_trainable":887360,"_wandb":{"runtime":2820},"epoch":20,"txt_input":"tokens","params_total":887360,"train/loss":0.9317763681723693,"flickr/mean_recall":39.598737160364784,"model_name":"bridge_anchors","_step":2180,"flickr/i2t_r5":41.76761209964752,"best_epoch":12}