{"flickr/i2t_r1":18.56338232755661,"train/loss":1.9012047719147245,"flickr/i2t_r5":38.438788056373596,"epoch":20,"flickr/t2i_r1":20.967184007167816,"_timestamp":1.775636498415095e+09,"train/lr":2.154004323491214e-05,"model_name":"bridge_anchors","flickr/t2i_r5":40.521663427352905,"best_mean_recall":36.162414153416954,"flickr/mean_recall":36.160317063331604,"best_epoch":18,"flickr/i2t_r10":48.31828474998474,"params_total":393216,"_wandb":{"runtime":3052},"params_trainable":393216,"txt_input":"tokens","img_input":"tokens","_runtime":3052.734447254,"_step":1080,"flickr/t2i_r10":50.152599811553955}