{"_runtime":114.400303013,"flickr/mean_recall":13.248172650734583,"flickr/i2t_r10":19.749552011489868,"_wandb":{"runtime":114},"flickr/i2t_r1":4.889406263828278,"model_name":"bridge_anchors","flickr/i2t_r5":13.623635470867157,"best_mean_recall":13.248172650734583,"params_trainable":196608,"params_total":196608,"train/lr":0.0006698803792874671,"epoch":1,"_timestamp":1.775629778025348e+09,"_step":109,"flickr/t2i_r10":21.00808620452881,"train/loss":4.460495973301825,"img_input":"tokens","flickr/t2i_r1":5.518673360347748,"txt_input":"tokens","flickr/t2i_r5":14.699682593345642,"best_epoch":1}