{"img_input":"tokens","_runtime":3184.024224861,"train/loss":0.9745928160498075,"best_epoch":10,"best_mean_recall":37.091631442308426,"epoch":20,"params_total":792576,"flickr/t2i_r10":50.04247426986694,"_step":2180,"flickr/t2i_r1":21.00808620452881,"flickr/i2t_r5":38.9799565076828,"flickr/mean_recall":36.56566912929217,"train/lr":8.201688056892869e-06,"_timestamp":1.775542958029975e+09,"txt_input":"tokens","_wandb":{"runtime":3184},"model_name":"bridge_anchors","flickr/t2i_r5":40.4492974281311,"params_trainable":792576,"flickr/i2t_r1":19.49155181646347,"flickr/i2t_r10":49.422648549079895}