{"train/loss":1.1614118079158748,"train/lr":8.201688056892869e-06,"txt_input":"tokens","_timestamp":1.775530285123819e+09,"img_input":"tokens","params_total":786432,"flickr/mean_recall":40.92386936148008,"epoch":20,"flickr/t2i_r1":24.94415193796158,"model_name":"bridge_anchors","best_mean_recall":40.92491865158081,"flickr/i2t_r10":53.855836391448975,"flickr/i2t_r5":43.67743730545044,"flickr/t2i_r5":45.36387324333191,"_runtime":3434.967574072,"flickr/i2t_r1":22.656765580177307,"params_trainable":786432,"_wandb":{"runtime":3434},"best_epoch":18,"_step":2180,"flickr/t2i_r10":55.045151710510254}