{"params_trainable":393216,"flickr/t2i_r1":24.638958275318146,"flickr/mean_recall":40.626015762488045,"img_input":"tokens","epoch":20,"flickr/t2i_r5":45.219141244888306,"best_epoch":20,"flickr/i2t_r1":22.477425634860992,"train/lr":0.0011884164916977546,"params_total":393216,"best_mean_recall":40.626015762488045,"flickr/i2t_r10":53.37759256362915,"txt_input":"tokens","train/loss":2.2616484562555947,"_wandb":{"runtime":2490},"_runtime":2490.161187808,"_timestamp":1.775642441924701e+09,"flickr/i2t_r5":43.2778537273407,"model_name":"bridge_anchors","_step":540,"flickr/t2i_r10":54.76512312889099}