{"flickr/t2i_r5":43.41000020503998,"params_total":786432,"_step":2180,"train/loss":1.237212968763904,"flickr/i2t_r1":20.835037529468536,"img_input":"tokens","best_mean_recall":38.816348214944206,"epoch":20,"_timestamp":1.7755749045853343e+09,"best_epoch":20,"flickr/t2i_r10":53.062957525253296,"flickr/t2i_r1":22.889594733715057,"train/lr":8.201688056892869e-06,"txt_input":"tokens","flickr/i2t_r10":51.54327750205994,"flickr/mean_recall":38.816348214944206,"params_trainable":786432,"_wandb":{"runtime":12870},"flickr/i2t_r5":41.15722179412842,"_runtime":12870.098318424,"model_name":"bridge_anchors"}