{"flickr/t2i_r5":47.232797741889954,"epoch":20,"txt_input":"tokens","_step":2180,"params_total":1978624,"_timestamp":1.7757924600052466e+09,"train/lr":8.201688056892869e-06,"model_name":"bridge_anchors","flickr/i2t_r5":44.21546161174774,"_runtime":3765.217392176,"flickr/t2i_r10":56.75675868988037,"best_epoch":15,"flickr/i2t_r1":22.581253945827484,"flickr/mean_recall":41.87616085012754,"best_mean_recall":42.31297646959623,"train/loss":1.0439181584064092,"_wandb":{"runtime":3765},"flickr/i2t_r10":54.28059101104736,"train/recon_loss":0.0024864748120307922,"params_trainable":1978624,"img_input":"tokens","flickr/t2i_r1":26.190102100372314}