{"train/lr":0.0004142316006713871,"best_mean_recall":40.69156472881635,"flickr/i2t_r1":22.20998704433441,"best_epoch":18,"img_input":"tokens","model_name":"bridge_anchors","_runtime":2673.75527847,"flickr/i2t_r5":42.997828125953674,"txt_input":"tokens","flickr/t2i_r10":54.9255907535553,"_wandb":{"runtime":2673},"epoch":20,"flickr/t2i_r5":45.37331163883209,"params_trainable":393216,"train/loss":1.6304408877582874,"flickr/mean_recall":40.60137023528417,"params_total":393216,"flickr/i2t_r10":53.48142385482788,"_timestamp":1.7756426256180875e+09,"flickr/t2i_r1":24.62007999420166,"_step":1080}