{"epoch":20,"train/loss":0.818441336693829,"flickr/mean_recall":22.30123057961464,"_timestamp":1.775785059303444e+09,"txt_input":"cls","flickr/t2i_r1":10.143787413835526,"model_name":"shared_anchor","train/lr":0,"_wandb":{"runtime":137},"best_mean_recall":22.31014495094617,"_runtime":137.320222538,"val/loss":2.580867369969686,"_step":8760,"flickr/i2t_r10":32.347482442855835,"img_input":"cls","params_trainable":426496,"flickr/i2t_r5":23.547179996967316,"flickr/t2i_r10":33.637478947639465,"params_total":426496,"flickr/t2i_r5":24.71761703491211,"best_epoch":19,"flickr/i2t_r1":9.413837641477585}