{"epoch":20,"flickr/i2t_r1":13.749489188194275,"model_name":"hard_route","train/loss":1.8761020887677915,"img_input":"tokens","_wandb":{"runtime":3390},"_step":2180,"flickr/t2i_r1":15.769436955451965,"_timestamp":1.7758090912533278e+09,"txt_input":"tokens","train/lr":8.201688056892869e-06,"flickr/i2t_r5":31.095239520072937,"best_mean_recall":29.593388736248016,"best_epoch":20,"params_total":1192200,"params_trainable":1192200,"_runtime":3390.310063852,"flickr/mean_recall":29.593388736248016,"flickr/t2i_r10":42.68319606781006,"flickr/i2t_r10":40.89292883872986,"flickr/t2i_r5":33.370041847229004}