{"params_trainable":196608,"img_input":"cls","val/loss":4.011835257212321,"flickr/mean_recall":7.3839266163607435,"train/lr":1e-06,"flickr/i2t_r5":7.249158620834351,"best_epoch":19,"epoch":20,"best_mean_recall":7.3912679217755795,"model_name":"bridge_anchors","train/loss":2.073126258098916,"_runtime":110.750250753,"_timestamp":1.7760429527910328e+09,"flickr/t2i_r5":8.145864307880402,"params_total":196608,"flickr/i2t_r10":11.509297788143158,"txt_input":"cls","flickr/t2i_r10":12.887392938137054,"flickr/i2t_r1":2.114337868988514,"flickr/t2i_r1":2.3975081741809845,"_wandb":{"runtime":110},"_step":8760}