{"train/recon_loss_expert_0":0,"model_name":"hard_route","best_mean_recall":29.813632120688755,"train/infonce_expert_3":4.508159401260804,"_wandb":{"runtime":3294},"train/recon_loss_expert_2":0,"flickr/i2t_r5":31.551459431648254,"train/infonce_expert_2":3.5729045333149276,"flickr/mean_recall":29.813632120688755,"_step":2180,"train/lb_route_loss":1.0158725854392363,"flickr/t2i_r1":15.973947942256927,"train/attn_entropy_expert_0":0.23318259975063466,"train/infonce_expert_0":3.4614756508408306,"train/recon_loss_expert_3":0,"train/recon_loss_expert_1":0,"train/infonce_expert_1":3.473284447304556,"flickr/i2t_r10":41.26734435558319,"epoch":20,"params_trainable":1192200,"train/attn_entropy_expert_2":0.2692553866132398,"train/loss":1.9005884634000119,"params_total":1192200,"flickr/t2i_r10":42.667463421821594,"img_input":"tokens","_runtime":3294.899604183,"train/lr":8.201688056892869e-06,"flickr/i2t_r1":14.271780848503113,"txt_input":"tokens","flickr/t2i_r5":33.14979672431946,"_timestamp":1.775805733247253e+09,"train/attn_entropy_expert_3":0.23980588138660539,"best_epoch":20,"train/attn_entropy_expert_1":0.257756132110257}