{"flickr/i2t_r10":54.283738136291504,"flickr/t2i_r5":46.244847774505615,"flickr/t2i_r10":55.88207244873047,"_timestamp":1.7752706156960573e+09,"flickr/i2t_r1":22.914765775203705,"params_trainable":786432,"epoch":20,"train/lr":8.201688056892869e-06,"model_name":"bridge_anchors","img_input":"tokens","train/loss":1.1797343559354265,"_wandb":{"runtime":2500},"flickr/i2t_r5":44.07702088356018,"flickr/mean_recall":41.495453069607414,"best_mean_recall":41.495453069607414,"_runtime":2500.545703704,"txt_input":"tokens","params_total":786432,"flickr/t2i_r1":25.570273399353027,"_step":2180,"best_epoch":20}