{"train/recon_loss_expert_0":0,"flickr/mean_recall":1.7698140543264647,"_step":8829,"train/infonce_expert_3":5.975385006343092,"train/attn_entropy_expert_2":0.22639908049708216,"epoch":81,"flickr/t2i_r1":0.7519743405282497,"train/infonce_expert_1":5.518012447891948,"txt_input":"tokens","train/recon_loss_expert_1":0,"params_total":1192200,"flickr/t2i_r5":2.5768492370843887,"train/recon_loss_expert_2":0,"train/recon_loss_expert_3":0,"best_mean_recall":31.615958611170452,"best_epoch":41,"train/infonce_expert_0":5.650523724957047,"_timestamp":1.7758710936618485e+09,"img_input":"tokens","train/attn_entropy_expert_3":0.32914082552785073,"train/infonce_expert_2":5.079192977085292,"flickr/i2t_r5":1.0477298870682716,"flickr/i2t_r1":0.27058490086346865,"flickr/t2i_r10":4.181480780243874,"_wandb":{"runtime":13585},"train/lb_route_loss":1.1191329276450326,"model_name":"hard_route","train/loss":4.119194647976172,"train/attn_entropy_expert_0":0.2546682293727019,"train/attn_entropy_expert_1":0.18979186404531248,"params_trainable":1192200,"flickr/i2t_r10":1.790265180170536,"train/lr":0.00796871684551183,"_runtime":13585.668121897}