{"params_trainable":327680,"params_total":327680,"flickr/t2i_r1":22.483718395233154,"best_epoch":16,"_step":2180,"epoch":20,"train/loss":1.1731306455903134,"_wandb":{"runtime":23155},"flickr/i2t_r1":20.22150158882141,"_runtime":23155.163472509,"img_input":"tokens","train/lr":0.00016499403369355049,"best_mean_recall":38.16715478897095,"flickr/t2i_r10":52.996885776519775,"flickr/i2t_r10":49.43523406982422,"_timestamp":1.7755957574880528e+09,"flickr/t2i_r5":43.34392547607422,"txt_input":"tokens","flickr/mean_recall":38.046020766099296,"flickr/i2t_r5":39.794859290122986,"model_name":"bridge_anchors"}