{"_runtime":3513.626635842,"params_total":1192200,"flickr/i2t_r1":14.548657834529877,"txt_input":"tokens","train/infonce_expert_3":4.644771531363514,"train/loss":1.8660352430611014,"train/infonce_expert_0":3.0628956812564456,"train/lb_route_loss":1.0383831552255933,"model_name":"hard_route","best_epoch":20,"train/lr":8.201688056892869e-06,"_step":2180,"flickr/t2i_r5":34.162917733192444,"train/recon_loss_expert_3":0,"train/infonce_expert_2":3.6437498565032103,"train/recon_loss_expert_1":0,"train/attn_entropy_expert_3":0.19679106089556328,"epoch":20,"flickr/i2t_r5":32.00138509273529,"flickr/i2t_r10":41.62917137145996,"flickr/t2i_r1":16.54658168554306,"_wandb":{"runtime":3513},"train/recon_loss_expert_0":0,"img_input":"tokens","flickr/t2i_r10":43.55472922325134,"flickr/mean_recall":30.407240490118664,"train/recon_loss_expert_2":0,"train/attn_entropy_expert_2":0.1771811569962546,"train/attn_entropy_expert_0":0.3128010616681286,"_timestamp":1.7758093114852474e+09,"params_trainable":1192200,"train/attn_entropy_expert_1":0.31322672016152714,"best_mean_recall":30.407240490118664,"train/infonce_expert_1":3.48829600075695}