{"img_input":"cls","params_trainable":722432,"flickr/i2t_r1":8.155303448438644,"_runtime":157.601077301,"flickr/i2t_r10":30.14819324016571,"flickr/mean_recall":20.337916662295658,"_step":8760,"flickr/i2t_r5":21.34474366903305,"flickr/t2i_r10":30.915898084640503,"_timestamp":1.7757841387487373e+09,"_wandb":{"runtime":157},"epoch":20,"train/loss":0.8483294285323522,"train/lr":0,"best_mean_recall":20.337916662295658,"flickr/t2i_r5":22.619010508060455,"model_name":"shared_anchor","flickr/t2i_r1":8.844351023435593,"val/loss":2.602781295776367,"best_epoch":20,"params_total":722432,"txt_input":"cls"}