{"epoch":20,"txt_input":"tokens","_step":2180,"params_trainable":196608,"flickr/t2i_r10":43.27470660209656,"best_epoch":20,"flickr/t2i_r1":15.741118788719177,"img_input":"tokens","params_total":196608,"_timestamp":1.7752113785259628e+09,"flickr/i2t_r1":13.96344006061554,"_wandb":{"runtime":5119},"flickr/mean_recall":29.94577835003535,"train/lr":8.201688056892869e-06,"flickr/i2t_r5":31.63955509662628,"train/loss":1.5690447136620496,"model_name":"bridge_anchors","flickr/i2t_r10":41.33027195930481,"_runtime":5119.281410084,"flickr/t2i_r5":33.72557759284973,"best_mean_recall":29.94577835003535}