{"train/loss":3.348657775148053,"flickr/t2i_r10":47.09435999393463,"flickr/t2i_r5":37.472862005233765,"best_mean_recall":33.4345410267512,"params_total":196608,"_wandb":{"runtime":2874},"flickr/i2t_r1":16.47421568632126,"epoch":20,"flickr/t2i_r1":18.66721212863922,"flickr/mean_recall":33.381577084461846,"best_epoch":16,"train/lr":8.201688056892869e-06,"params_trainable":196608,"_runtime":2874.019137756,"model_name":"bridge_anchors","txt_input":"tokens","flickr/i2t_r5":35.361671447753906,"flickr/i2t_r10":45.219141244888306,"_step":2180,"train/ca_loss":1.5115940392574416,"_timestamp":1.7751452257728524e+09,"img_input":"tokens"}