{"model_name":"bridge_anchors","flickr/mean_recall":38.59138563275337,"_runtime":3195.003720072,"best_mean_recall":38.63543396194776,"best_epoch":15,"flickr/t2i_r5":43.16143989562988,"img_input":"tokens","epoch":20,"flickr/i2t_r5":40.748199820518494,"flickr/i2t_r10":51.22864246368408,"flickr/t2i_r1":22.977691888809204,"params_total":393216,"txt_input":"tokens","flickr/i2t_r1":20.476354658603668,"train/lr":1.6050791660735128e-06,"_timestamp":1.7756366408360565e+09,"flickr/t2i_r10":52.9559850692749,"train/loss":0.8395652476982151,"_step":4380,"_wandb":{"runtime":3195},"params_trainable":393216}