{"flickr/i2t_r1":0.3807066706940532,"_runtime":110.102080336,"_step":8760,"img_input":"cls","txt_input":"cls","val/loss":5.214191277821858,"train/loss":3.203077233545312,"flickr/i2t_r5":1.4347292482852936,"flickr/i2t_r10":2.627190575003624,"best_epoch":14,"flickr/t2i_r1":0.3460969775915146,"best_mean_recall":1.4646194487189252,"params_total":196608,"_wandb":{"runtime":110},"model_name":"bridge_anchors","flickr/t2i_r5":1.3655099086463451,"train/lr":1e-06,"params_trainable":196608,"epoch":20,"flickr/t2i_r10":2.5894345715641975,"_timestamp":1.776043408097618e+09,"flickr/mean_recall":1.4572779919641714}