{"flickr/t2i_r10":52.726298570632935,"_runtime":2815.059909295,"flickr/i2t_r1":19.98238116502762,"best_mean_recall":38.32237323125204,"_step":2180,"flickr/i2t_r5":40.57200253009796,"best_epoch":20,"train/lr":8.201688056892869e-06,"flickr/t2i_r1":22.83296138048172,"_wandb":{"runtime":2815},"train/loss":1.191085375358011,"flickr/mean_recall":38.32237323125204,"params_total":229760,"model_name":"bridge_anchors","flickr/i2t_r10":50.75669288635254,"flickr/t2i_r5":43.063902854919434,"params_trainable":229760,"epoch":20,"img_input":"tokens","txt_input":"tokens","_timestamp":1.7756492217284572e+09}