{"img_input":"cls","val/loss":2.5757879416147866,"train/loss":0.8098162944730558,"txt_input":"cls","flickr/i2t_r1":9.62778851389885,"epoch":20,"flickr/i2t_r10":33.005064725875854,"_step":8760,"best_mean_recall":22.762692843874294,"train/lr":0,"flickr/i2t_r5":23.86181354522705,"flickr/mean_recall":22.762692843874294,"best_epoch":20,"flickr/t2i_r1":10.445836186408997,"flickr/t2i_r5":25.4129558801651,"flickr/t2i_r10":34.22269821166992,"model_name":"shared_anchor","params_trainable":1279488,"_runtime":153.44541258,"params_total":1279488,"_wandb":{"runtime":153},"_timestamp":1.7757852212918837e+09}