{"img_input":"tokens","flickr/i2t_r1":20.768964290618896,"train/loss":1.1380508581054545,"best_epoch":20,"epoch":20,"_runtime":2572.612777818,"_step":2180,"_timestamp":1.7756571861620097e+09,"flickr/t2i_r1":23.348960280418396,"_wandb":{"runtime":2572},"train/lr":8.201688056892869e-06,"params_total":329920,"params_trainable":329920,"best_mean_recall":39.070677757263184,"flickr/t2i_r10":53.585249185562134,"flickr/i2t_r5":41.446685791015625,"flickr/mean_recall":39.070677757263184,"model_name":"bridge_anchors","flickr/t2i_r5":43.79070699214935,"txt_input":"tokens","flickr/i2t_r10":51.4835000038147}