{"flickr/i2t_r1":0.20451184827834368,"img_input":"tokens","_step":109,"flickr/t2i_r5":1.1263883672654629,"epoch":1,"flickr/t2i_r10":1.8940942361950874,"flickr/i2t_r10":1.3718025758862495,"_timestamp":1.7756317346164274e+09,"model_name":"bridge_anchors","params_total":196608,"txt_input":"tokens","flickr/mean_recall":0.9454739900926749,"_runtime":113.925828795,"best_mean_recall":0.9454739900926749,"train/lr":9.682717418644715e-05,"flickr/i2t_r5":0.8086083456873894,"best_epoch":1,"params_trainable":196608,"_wandb":{"runtime":113},"flickr/t2i_r1":0.26743856724351645,"train/loss":6.411122103717839}