{"train/loss":1.1542575080818105,"epoch":20,"params_trainable":786432,"img_input":"tokens","best_mean_recall":41.695769876241684,"flickr/i2t_r5":44.4828987121582,"flickr/i2t_r10":54.72736954689026,"train/lr":8.201688056892869e-06,"txt_input":"tokens","flickr/t2i_r1":25.670957565307617,"model_name":"bridge_anchors","flickr/i2t_r1":22.911620140075684,"_timestamp":1.7755302053747942e+09,"flickr/mean_recall":41.674270729223885,"_wandb":{"runtime":3355},"params_total":786432,"_step":2180,"flickr/t2i_r5":46.35497033596039,"flickr/t2i_r10":55.89780807495117,"best_epoch":18,"_runtime":3355.495210374}