{"_runtime":2555.020454124,"_wandb":{"runtime":2555},"txt_input":"tokens","_step":2180,"params_trainable":545480,"flickr/t2i_r1":19.475820660591125,"flickr/i2t_r1":16.788849234580994,"img_input":"tokens","_timestamp":1.7756984108595345e+09,"flickr/mean_recall":34.301880498727165,"flickr/i2t_r10":46.43677473068237,"flickr/t2i_r10":48.35289418697357,"train/lr":8.201688056892869e-06,"best_epoch":16,"flickr/i2t_r5":36.22691333293915,"params_total":545480,"model_name":"bridge_anchors","train/loss":1.2502405264667262,"best_mean_recall":34.42039216558138,"flickr/t2i_r5":38.530030846595764,"epoch":20}