{"_wandb":{"runtime":3018},"params_trainable":787456,"_timestamp":1.7754754690836835e+09,"flickr/t2i_r5":46.60038352012634,"train/lr":8.201688056892869e-06,"epoch":20,"txt_input":"tokens","flickr/i2t_r10":54.77456450462341,"best_epoch":20,"best_mean_recall":41.87668512264887,"train/loss":1.168077092304408,"model_name":"bridge_anchors","_runtime":3018.433848507,"flickr/t2i_r10":56.16524815559387,"_step":2180,"img_input":"tokens","flickr/i2t_r1":23.204228281974792,"params_total":787456,"flickr/mean_recall":41.87668512264887,"flickr/i2t_r5":44.74090039730072,"flickr/t2i_r1":25.77478587627411}