{"params_total":196864,"best_epoch":17,"train/loss":1.2757219733478866,"flickr/t2i_r1":21.67510986328125,"img_input":"tokens","flickr/i2t_r5":39.72878456115723,"flickr/i2t_r10":49.7687429189682,"flickr/mean_recall":37.32393582661947,"params_trainable":196864,"_timestamp":1.7754689325006115e+09,"best_mean_recall":37.3884362479051,"_runtime":3153.03292952,"_step":2180,"flickr/t2i_r5":41.77075922489166,"model_name":"bridge_anchors","_wandb":{"runtime":3153},"flickr/t2i_r10":51.39225125312805,"train/lr":8.201688056892869e-06,"epoch":20,"txt_input":"tokens","flickr/i2t_r1":19.607967138290405}