{"img_input":"tokens","params_total":196608,"best_mean_recall":36.890790363152824,"epoch":20,"flickr/t2i_r5":41.308245062828064,"model_name":"bridge_anchors","flickr/t2i_r1":21.552401781082153,"flickr/i2t_r5":38.9799565076828,"best_epoch":17,"txt_input":"tokens","flickr/t2i_r10":50.79445242881775,"_runtime":1752.517692578,"train/loss":1.2853077783762852,"_timestamp":1.7751799493298733e+09,"flickr/i2t_r1":19.371990859508514,"flickr/mean_recall":36.876107503970466,"flickr/i2t_r10":49.2495983839035,"_wandb":{"runtime":1752},"params_trainable":196608,"train/lr":8.201688056892869e-06,"_step":2180}