{"epoch":20,"flickr/i2t_r10":50.50498843193054,"flickr/i2t_r1":19.98552680015564,"params_total":396424,"flickr/t2i_r1":22.562375664711,"best_epoch":18,"flickr/i2t_r5":40.3045654296875,"_step":2180,"model_name":"bridge_anchors","flickr/t2i_r10":52.75146961212158,"train/lr":8.201688056892869e-06,"img_input":"tokens","train/loss":1.2167229463006848,"best_mean_recall":38.25577621658643,"_timestamp":1.7757151691895137e+09,"params_trainable":396424,"_runtime":2961.678754349,"txt_input":"tokens","flickr/t2i_r5":42.99153685569763,"_wandb":{"runtime":2961},"flickr/mean_recall":38.183410465717316}