{"best_mean_recall":38.92646978298823,"_step":2180,"flickr/i2t_r5":40.90551435947418,"flickr/i2t_r1":20.5833300948143,"params_trainable":429576,"_wandb":{"runtime":2787},"txt_input":"tokens","flickr/t2i_r5":44.16511952877045,"flickr/mean_recall":38.92646978298823,"flickr/t2i_r1":23.223106563091278,"img_input":"tokens","params_total":429576,"best_epoch":20,"_runtime":2787.439147809,"flickr/i2t_r10":51.22549533843994,"train/lr":8.201688056892869e-06,"flickr/t2i_r10":53.45625281333923,"train/loss":1.1430961445113208,"_timestamp":1.7757149949306283e+09,"epoch":20,"model_name":"bridge_anchors"}