{"best_mean_recall":41.67794163028399,"_step":2180,"flickr/i2t_r5":44.322437047958374,"flickr/t2i_r10":55.74678182601929,"epoch":20,"train/lr":8.201688056892869e-06,"model_name":"bridge_anchors","_timestamp":1.7752791383890102e+09,"flickr/i2t_r10":54.60151433944702,"txt_input":"tokens","flickr/i2t_r1":22.965107858181,"params_total":786432,"best_epoch":16,"img_input":"tokens","flickr/mean_recall":41.61973322431246,"params_trainable":786432,"flickr/t2i_r1":25.699272751808167,"train/loss":1.1135473151073279,"_wandb":{"runtime":4515},"flickr/t2i_r5":46.38328552246094,"_runtime":4515.027790407}