{"model_name":"bridge_anchors","epoch":20,"img_input":"tokens","_runtime":2869.006667959,"_step":2180,"flickr/t2i_r10":49.47298765182495,"flickr/t2i_r1":20.14913558959961,"flickr/mean_recall":35.30241524179777,"flickr/i2t_r1":17.805115878582,"_timestamp":1.7751753863808017e+09,"train/lr":8.201688056892869e-06,"train/loss":4.7869949207127656,"txt_input":"tokens","train/ca_loss":1.432507940541918,"params_total":196608,"best_epoch":17,"_wandb":{"runtime":2869},"flickr/i2t_r5":37.312400341033936,"flickr/i2t_r10":47.32718765735626,"flickr/t2i_r5":39.74766433238983,"best_mean_recall":35.35590320825577,"params_trainable":196608}