{"_timestamp":1.775649195824614e+09,"flickr/i2t_r1":20.004405081272125,"flickr/mean_recall":38.01455696423849,"params_trainable":262656,"best_mean_recall":38.01455696423849,"flickr/t2i_r1":22.474278509616852,"best_epoch":20,"model_name":"bridge_anchors","_runtime":2782.468493315,"flickr/t2i_r10":52.35818028450012,"img_input":"tokens","txt_input":"tokens","flickr/i2t_r10":50.53644776344299,"_step":2180,"train/lr":8.201688056892869e-06,"train/loss":1.1936537506424378,"epoch":20,"flickr/i2t_r5":40.2321994304657,"_wandb":{"runtime":2782},"flickr/t2i_r5":42.48183071613312,"params_total":262656}