{"_wandb":{"runtime":2767},"train/loss":1.260114878137535,"train/lr":8.201688056892869e-06,"tau/std":0.0232183076441288,"epoch":20,"flickr/mean_recall":36.710924903551735,"_runtime":2767.380233117,"model_name":"bridge_anchors","img_input":"tokens","_timestamp":1.7754605481319542e+09,"txt_input":"tokens","flickr/t2i_r10":50.545889139175415,"flickr/i2t_r5":38.869836926460266,"params_total":196736,"flickr/i2t_r1":19.312210381031036,"_step":2180,"flickr/t2i_r5":41.0408079624176,"params_trainable":196736,"flickr/i2t_r10":49.1048663854599,"tau/mean":0.04399552941322327,"best_epoch":17,"tau/min":0.020005086436867714,"tau/max":0.23510389029979706,"flickr/t2i_r1":21.391938626766205,"best_mean_recall":36.76965658863386}