{"train/infonce_expert_3":4.2050170163127865,"best_epoch":20,"train/recon_loss_expert_0":0,"params_trainable":1192200,"epoch":20,"txt_input":"tokens","_wandb":{"runtime":3162},"flickr/t2i_r5":33.867162466049194,"_timestamp":1.7758125003297322e+09,"train/infonce_expert_1":2.968362712414465,"train/loss":1.955816060583168,"train/attn_entropy_expert_0":0.28696021381939685,"flickr/t2i_r10":43.3502197265625,"train/attn_entropy_expert_3":0.20100837737043328,"train/lr":8.201688056892869e-06,"img_input":"tokens","train/attn_entropy_expert_2":0.16211419489896187,"model_name":"hard_route","flickr/i2t_r10":41.33656322956085,"train/recon_loss_expert_1":0,"flickr/i2t_r5":31.479093432426453,"flickr/mean_recall":30.073205133279163,"train/infonce_expert_0":3.7894865062749274,"_step":2180,"flickr/t2i_r1":16.238240897655487,"train/recon_loss_expert_3":0,"train/lb_route_loss":1.0353341882473954,"params_total":1192200,"flickr/i2t_r1":14.167951047420502,"train/recon_loss_expert_2":0,"best_mean_recall":30.073205133279163,"train/attn_entropy_expert_1":0.3499172134934185,"_runtime":3162.590336951,"train/infonce_expert_2":3.7806929940375213}