{"_step":2180,"best_mean_recall":32.84774844845136,"train/loss":1.2525764826302217,"_runtime":4583.345918431,"txt_input":"tokens","params_total":196608,"flickr/t2i_r1":17.90265291929245,"img_input":"tokens","flickr/i2t_r10":44.58358287811279,"_timestamp":1.7752675687431874e+09,"_wandb":{"runtime":4583},"flickr/i2t_r5":34.98096466064453,"epoch":20,"flickr/t2i_r10":45.38904428482056,"model_name":"bridge_anchors","params_trainable":196608,"flickr/mean_recall":32.566676288843155,"flickr/t2i_r5":36.30242645740509,"train/lr":8.201688056892869e-06,"best_epoch":13,"flickr/i2t_r1":16.24138653278351}