{"_timestamp":1.7753003061759455e+09,"flickr/mean_recall":36.87400991717974,"train/lr":8.201688056892869e-06,"flickr/t2i_r1":21.495768427848816,"train/ortho_loss":0.006503428645849785,"best_mean_recall":36.88764423131943,"img_input":"tokens","train/loss":1.287009710463408,"flickr/i2t_r1":19.397161900997162,"flickr/i2t_r10":49.224427342414856,"txt_input":"tokens","params_trainable":196608,"_wandb":{"runtime":2998},"_runtime":2998.042282001,"flickr/t2i_r10":50.939178466796875,"epoch":20,"flickr/t2i_r5":41.29566252231598,"best_epoch":17,"model_name":"bridge_anchors","flickr/i2t_r5":38.89186084270477,"_step":2180,"params_total":196608}