{"txt_input":"tokens","flickr/i2t_r1":19.815625250339508,"_wandb":{"runtime":2897},"best_mean_recall":37.19336315989494,"_timestamp":1.7754753496253371e+09,"train/loss":1.2748629567779113,"params_trainable":196864,"model_name":"bridge_anchors","img_input":"tokens","flickr/t2i_r5":41.644904017448425,"flickr/t2i_r10":51.06818079948425,"train/lr":8.201688056892869e-06,"flickr/t2i_r1":21.693986654281616,"flickr/i2t_r5":39.3197625875473,"flickr/i2t_r10":49.318817257881165,"best_epoch":17,"_runtime":2897.901544035,"epoch":20,"_step":2180,"params_total":196864,"flickr/mean_recall":37.14354609449705}