{"best_epoch":20,"train/recon_loss_expert_2":0,"_wandb":{"runtime":3137},"train/recon_loss_expert_0":0,"flickr/t2i_r1":16.628386080265045,"_runtime":3137.153241578,"train/attn_entropy_expert_3":0.22402592643956157,"params_trainable":1192200,"flickr/mean_recall":30.929008374611538,"train/recon_loss_expert_1":0,"train/loss":1.8279528673564163,"flickr/i2t_r5":32.614919543266296,"_step":2180,"train/infonce_expert_0":3.1887431634920778,"params_total":1192200,"img_input":"tokens","flickr/t2i_r5":34.7481369972229,"train/attn_entropy_expert_2":0.18270344475162364,"_timestamp":1.7758055754676182e+09,"txt_input":"tokens","epoch":20,"train/infonce_expert_1":3.163450330217308,"train/lb_route_loss":1.0178778951413163,"flickr/t2i_r10":44.43885087966919,"train/infonce_expert_3":4.617141233426389,"model_name":"hard_route","flickr/i2t_r1":14.831829071044922,"train/attn_entropy_expert_0":0.2869528403906065,"train/attn_entropy_expert_1":0.30631778813968197,"train/recon_loss_expert_3":0,"train/infonce_expert_2":3.783099744921533,"best_mean_recall":30.929008374611538,"train/lr":8.201688056892869e-06,"flickr/i2t_r10":42.31192767620087}