{"flickr/i2t_r5":25.453859567642212,"_timestamp":1.7760428300980616e+09,"epoch":20,"model_name":"bridge_anchors","train/lr":1e-06,"val/loss":2.5715492566426597,"_step":8760,"train/loss":0.793246866089024,"flickr/mean_recall":24.006544301907223,"flickr/t2i_r10":35.688889026641846,"flickr/t2i_r1":11.38344407081604,"params_total":393216,"best_epoch":17,"_wandb":{"runtime":138},"img_input":"cls","_runtime":138.191244049,"flickr/i2t_r10":34.57823395729065,"best_mean_recall":24.021751681963604,"flickr/t2i_r5":26.70924663543701,"txt_input":"cls","flickr/i2t_r1":10.22559255361557,"params_trainable":393216}