{"_step":2180,"model_name":"bridge_anchors","_runtime":2591.174502918,"_wandb":{"runtime":2591},"flickr/mean_recall":38.10108080506325,"flickr/i2t_r5":40.07488191127777,"best_epoch":19,"_timestamp":1.7756981808754804e+09,"flickr/t2i_r10":52.60359048843384,"flickr/i2t_r10":50.50498843193054,"txt_input":"tokens","img_input":"tokens","epoch":20,"params_total":396416,"train/lr":8.201688056892869e-06,"params_trainable":396416,"flickr/t2i_r5":42.963218688964844,"flickr/i2t_r1":20.12396603822708,"flickr/t2i_r1":22.33583927154541,"train/loss":1.21373485738986,"best_mean_recall":38.11733822027842}