{"flickr/i2t_r10":46.26058042049408,"epoch":20,"train/loss":1.2591356807780043,"flickr/t2i_r10":48.356038331985474,"_runtime":2340.200340959,"train/lr":8.201688056892869e-06,"_timestamp":1.7756955544276447e+09,"img_input":"tokens","flickr/mean_recall":34.320234010616936,"best_mean_recall":34.48541661103567,"flickr/t2i_r1":19.35311257839203,"model_name":"bridge_anchors","params_total":445568,"txt_input":"tokens","_wandb":{"runtime":2340},"flickr/i2t_r5":36.3968163728714,"best_epoch":17,"params_trainable":445568,"flickr/t2i_r5":38.55834901332855,"flickr/i2t_r1":16.996507346630096,"_step":2180}