{"best_epoch":15,"train/loss":1.112290123355723,"flickr/i2t_r5":44.29726600646973,"txt_input":"tokens","flickr/mean_recall":41.67636732260386,"_timestamp":1.7753120630389955e+09,"params_total":786432,"flickr/t2i_r5":46.39587104320526,"_runtime":6299.870487246,"epoch":20,"flickr/i2t_r10":54.579490423202515,"params_trainable":786432,"img_input":"tokens","flickr/t2i_r10":56.06141686439514,"flickr/t2i_r1":25.755906105041504,"train/lr":8.201688056892869e-06,"best_mean_recall":41.7361485461394,"flickr/i2t_r1":22.96825349330902,"model_name":"bridge_anchors","_step":2180,"_wandb":{"runtime":6299}}