{"flickr/t2i_r5":40.153542160987854,"_timestamp":1.7755877286133142e+09,"flickr/i2t_r5":37.510618567466736,"params_trainable":783360,"flickr/i2t_r10":47.35550582408905,"train/lr":8.201688056892869e-06,"_wandb":{"runtime":11814},"flickr/t2i_r10":49.70896244049072,"flickr/i2t_r1":17.96872615814209,"best_mean_recall":35.47389085094134,"_step":2180,"best_epoch":20,"train/loss":1.3121590981973665,"epoch":20,"txt_input":"tokens","params_total":783360,"_runtime":11814.970041384,"flickr/t2i_r1":20.145989954471588,"flickr/mean_recall":35.47389085094134,"model_name":"bridge_anchors","img_input":"tokens"}