{"train/loss":0.8552530111243192,"params_trainable":475904,"txt_input":"cls","flickr/t2i_r5":22.30437695980072,"flickr/t2i_r10":30.601266026496887,"train/lr":0,"val/loss":2.6114593346913657,"_step":8760,"best_epoch":18,"flickr/i2t_r5":21.222037076950073,"params_total":475904,"_wandb":{"runtime":147},"flickr/mean_recall":20.090405270457268,"epoch":20,"_timestamp":1.7757839724431767e+09,"best_mean_recall":20.098795120914776,"model_name":"shared_anchor","flickr/i2t_r1":8.13957154750824,"img_input":"cls","flickr/i2t_r10":29.531511664390564,"_runtime":147.301224493,"flickr/t2i_r1":8.743668347597122}