{"_step":2180,"train/lr":8.201688056892869e-06,"flickr/t2i_r5":45.36702036857605,"flickr/i2t_r1":22.656765580177307,"model_name":"bridge_anchors","best_epoch":18,"_wandb":{"runtime":2981},"flickr/t2i_r10":55.045151710510254,"params_total":786432,"_timestamp":1.7755224998426526e+09,"train/loss":1.161411830197985,"epoch":20,"flickr/mean_recall":40.9243938823541,"_runtime":2981.902089061,"flickr/i2t_r10":53.855836391448975,"best_mean_recall":40.92491865158081,"img_input":"tokens","params_trainable":786432,"flickr/t2i_r1":24.94415193796158,"txt_input":"tokens","flickr/i2t_r5":43.67743730545044}