{"flickr/t2i_r5":40.949565172195435,"model_name":"bridge_anchors","epoch":20,"flickr/i2t_r5":39.00827467441559,"params_total":196608,"img_input":"tokens","flickr/t2i_r10":50.86367130279541,"_timestamp":1.7753115737982771e+09,"flickr/i2t_r1":19.29647922515869,"params_trainable":196608,"best_mean_recall":36.75654729207357,"flickr/mean_recall":36.739242573579155,"txt_input":"tokens","train/lr":8.201688056892869e-06,"flickr/i2t_r10":49.10801351070404,"best_epoch":17,"_wandb":{"runtime":6675},"flickr/t2i_r1":21.20945155620575,"train/loss":1.2848627132790111,"_step":2180,"_runtime":6675.936480286}