{"params_trainable":786432,"best_mean_recall":40.371162444353104,"flickr/t2i_r1":24.58232343196869,"flickr/mean_recall":40.371162444353104,"_timestamp":1.7752791383528721e+09,"train/lr":8.201688056892869e-06,"epoch":20,"flickr/i2t_r5":42.85309612751007,"img_input":"tokens","_wandb":{"runtime":4515},"flickr/t2i_r5":45.03036141395569,"model_name":"bridge_anchors","flickr/t2i_r10":54.77456450462341,"_step":2180,"best_epoch":20,"params_total":786432,"_runtime":4515.029410254,"flickr/i2t_r10":53.14161777496338,"flickr/i2t_r1":21.84501141309738,"txt_input":"tokens","train/loss":1.241047967260129}