{"params_trainable":196608,"img_input":"tokens","flickr/t2i_r5":41.317686438560486,"model_name":"bridge_anchors","txt_input":"tokens","train/loss":1.2863723908629372,"flickr/t2i_r10":50.96120834350586,"flickr/i2t_r5":38.88242244720459,"params_total":196608,"_wandb":{"runtime":3059},"_step":2180,"flickr/t2i_r1":21.51149958372116,"best_epoch":17,"best_mean_recall":36.90180256962776,"epoch":20,"flickr/i2t_r1":19.441211223602295,"flickr/mean_recall":36.89131562908491,"_runtime":3059.843362685,"_timestamp":1.7751451688334663e+09,"train/lr":8.201688056892869e-06,"flickr/i2t_r10":49.23386573791504}