{"flickr/i2t_r1":0.3240726189687848,"best_mean_recall":1.5595339277448754,"train/loss":6.1272261610655026,"txt_input":"tokens","_step":109,"epoch":1,"_runtime":114.546125015,"params_total":393216,"flickr/t2i_r1":0.49082841724157333,"flickr/i2t_r5":1.3466318137943745,"flickr/i2t_r10":2.2653620690107346,"best_epoch":1,"flickr/t2i_r10":3.130604326725006,"flickr/t2i_r5":1.7997043207287788,"_timestamp":1.7756326583172884e+09,"train/lr":9.682717418644715e-05,"model_name":"bridge_anchors","_wandb":{"runtime":114},"img_input":"tokens","params_trainable":393216,"flickr/mean_recall":1.5595339277448754}