{"_wandb":{"runtime":2820},"txt_input":"tokens","epoch":20,"_timestamp":1.7751753372215827e+09,"flickr/t2i_r10":44.353899359703064,"_step":2180,"best_mean_recall":30.90226451555888,"flickr/i2t_r5":32.640090584754944,"best_epoch":16,"flickr/t2i_r1":16.685020923614502,"params_total":196608,"model_name":"bridge_anchors","img_input":"tokens","_runtime":2820.06005591,"flickr/t2i_r5":34.60969626903534,"flickr/i2t_r1":14.614731073379517,"train/ca_loss":1.6117395641647767,"flickr/mean_recall":30.889154473940533,"flickr/i2t_r10":42.43148863315582,"train/loss":2.5915018643174217,"params_trainable":196608,"train/lr":8.201688056892869e-06}