{"flickr/mean_recall":38.06961899002393,"best_mean_recall":38.06961899002393,"params_trainable":396424,"flickr/i2t_r10":50.50498843193054,"model_name":"bridge_anchors","epoch":20,"flickr/t2i_r5":42.837366461753845,"best_epoch":20,"_runtime":2603.114687513,"img_input":"tokens","_timestamp":1.7756958181332798e+09,"flickr/i2t_r1":19.928893446922302,"train/loss":1.2124926241758829,"train/lr":8.201688056892869e-06,"flickr/i2t_r5":40.23849368095398,"_step":2180,"flickr/t2i_r1":22.285498678684235,"params_total":396424,"flickr/t2i_r10":52.62247323989868,"txt_input":"tokens","_wandb":{"runtime":2603}}