{"params_trainable":786432,"_wandb":{"runtime":6676},"flickr/i2t_r5":44.40109431743622,"flickr/t2i_r10":56.045687198638916,"flickr/t2i_r1":25.755906105041504,"train/loss":1.1124287364638854,"best_mean_recall":41.737197836240135,"_step":2180,"_timestamp":1.775311574713898e+09,"flickr/i2t_r10":54.59522604942322,"flickr/t2i_r5":46.42418920993805,"best_epoch":17,"_runtime":6676.086730678,"model_name":"bridge_anchors","flickr/i2t_r1":23.06579053401947,"txt_input":"tokens","img_input":"tokens","params_total":786432,"flickr/mean_recall":41.71464890241623,"train/lr":8.201688056892869e-06,"epoch":20}