{"flickr/i2t_r10":22.115597128868103,"best_mean_recall":14.408121692637602,"train/loss":3.645361826970027,"epoch":20,"flickr/t2i_r10":22.54035174846649,"flickr/t2i_r5":15.671899914741516,"txt_input":"cls","train/lr":0,"params_total":558080,"_timestamp":1.775784123768808e+09,"flickr/i2t_r1":5.112796276807785,"_step":260,"flickr/mean_recall":14.406548688809076,"flickr/t2i_r1":5.7294778525829315,"params_trainable":558080,"model_name":"shared_anchor","img_input":"cls","_runtime":142.669458515,"flickr/i2t_r5":15.269169211387634,"_wandb":{"runtime":142},"best_epoch":19,"val/loss":2.68796435991923}