{"_timestamp":1.7754688849254215e+09,"train/lr":8.201688056892869e-06,"flickr/t2i_r5":40.33602774143219,"epoch":20,"best_mean_recall":36.1991211771965,"best_epoch":17,"_wandb":{"runtime":3105},"flickr/i2t_r10":48.46930801868439,"flickr/i2t_r1":18.934650719165802,"_step":2180,"txt_input":"tokens","flickr/mean_recall":36.15454857548078,"train/loss":1.295357322024408,"flickr/t2i_r10":50.05820989608765,"params_trainable":196608,"model_name":"bridge_anchors","flickr/t2i_r1":20.507818460464478,"flickr/i2t_r5":38.62127661705017,"img_input":"tokens","_runtime":3105.484991202,"params_total":196608}