{"txt_input":"tokens","_wandb":{"runtime":2953},"best_mean_recall":36.9206798573335,"params_total":196608,"best_epoch":17,"train/lr":8.201688056892869e-06,"_runtime":2953.947331305,"flickr/i2t_r10":49.21813607215881,"_timestamp":1.7753002619433024e+09,"flickr/t2i_r10":50.9486198425293,"img_input":"tokens","params_trainable":196608,"epoch":20,"model_name":"bridge_anchors","flickr/mean_recall":36.87400991717974,"flickr/i2t_r1":19.409747421741486,"train/loss":1.3863114151999214,"flickr/i2t_r5":38.898152112960815,"_step":2180,"flickr/t2i_r5":41.276782751083374,"flickr/t2i_r1":21.492621302604675,"train/lb_loss":1.000111324207805}