{"best_epoch":20,"flickr/t2i_r5":43.561023473739624,"train/lr":8.201688056892869e-06,"train/loss":1.2283192226819903,"flickr/i2t_r1":20.665135979652405,"_wandb":{"runtime":5179},"img_input":"tokens","params_trainable":787456,"flickr/i2t_r10":51.54642462730408,"epoch":20,"flickr/i2t_r5":41.25475883483887,"_runtime":5179.342385669,"_step":2180,"flickr/t2i_r10":53.100717067718506,"best_mean_recall":38.81897106766701,"txt_input":"tokens","flickr/t2i_r1":22.785766422748566,"params_total":787456,"flickr/mean_recall":38.81897106766701,"_timestamp":1.7755936012923205e+09,"model_name":"bridge_anchors"}